First Name,Last Name,Full Name,DOB (MM/DD/YY),Address,Tel:,Source,Email,DOE (Date of Enrollment MM/DD/YY),Center
Arya,Kapadia,"Kapadia, Arya",2018-02-16 00:00:00,47465 Mantis St Fremont CA ,3472992092,PAS FREMONT JAN 021226.csv,manank@gmail.com,2025-01-16 00:00:00,Fremont
Ian (Enyu),Lin,"Lin, Ian (Enyu)",2011-12-24 00:00:00,462 Wapama Falls Terr ,5108287544,PAS FREMONT JAN 021226.csv,rachelenruixu@outlook.com,2025-01-19 00:00:00,Fremont
Ivaan,Arora,"Arora, Ivaan",2018-02-17 00:00:00,49001 Meadowfaire Common Fremont CA ,4156219291,PAS FREMONT JAN 021226.csv,richa.tauras5@gmail.com,2025-01-06 00:00:00,Fremont
Ivaan,Singhal,"Singhal, Ivaan",2017-01-08 00:00:00,"49186 Honeysuckle Terrace, Fremont, CA 94539",3412529360,PAS FREMONT JAN 021226.csv,aditiarya2001@gmail.com,2026-01-21 00:00:00,Fremont
Kanishk,Golla,"Golla, Kanishk",2018-08-17 00:00:00,48943 Air fern common,6692438102,PAS FREMONT JAN 021226.csv,harish.golla@gmail.com,2024-09-01 00:00:00,Fremont
Rohan,Singhal,"Singhal, Rohan",2019-11-01 00:00:00,"49186 Honeysuckle Terrace, Fremont, CA 94539",3412529360,PAS FREMONT JAN 021226.csv,aditiarya2001@gmail.com,2026-01-21 00:00:00,Fremont
Samarth,Coodnapur,"Coodnapur, Samarth",2019-04-01 00:00:00,47631 Gridley court,2147624191,PAS FREMONT JAN 021226.csv,rashmihholla@gmail.com,2025-03-24 00:00:00,Fremont
Varshith,Balamurugan,"Balamurugan, Varshith",2018-10-30 00:00:00,49002 Cinnamon Cmn Fern,,PAS MILPITAS JAN 021226.csv,balamr0105@gmail.com,2025-10-07 00:00:00,Milpitas
